"","V1","V2","V3","V4","V5"
"10","1339","2026","3430","2470","875"
"100","1428","3827","5636","340","3754"
"1001","223","344","2453","1377","2454"
"1002","786","289","72","686","2543"
"1003","2548","792","1081","3621","2300"
"1004","2541","159","197","1947","3730"
"1005","1339","2026","3430","2470","875"
"1006","2548","792","1081","3621","2300"
"1007","2548","792","1081","3621","2300"
"1008","2548","792","1081","3621","2300"
"1009","486","378","481","229","536"
"101","5630","1853","1047","917","412"
"1010","51","189","2936","193","1810"
"1011","4225","708","758","1858","2637"
"1012","1489","6448","1114","1689","89"
"1014","67","458","1673","328","466"
"1015","2548","792","1081","3621","2300"
"1016","1339","2026","3430","2470","875"
"1017","289","1400","6600","2102","173"
"1018","2548","792","1081","3621","2300"
"1019","2548","792","1081","3621","2300"
"102","458","544","227","4208","196"
"1020","4225","708","758","1858","2637"
"1021","1339","2026","3430","2470","875"
"1022","458","544","227","4208","196"
"1023","289","1400","6600","2102","173"
"1024","2548","792","1081","3621","2300"
"1025","2548","792","1081","3621","2300"
"1026","2548","792","1081","3621","2300"
"1027","462","542","1556","2984","295"
"1028","4828","1854","289","599","1057"
"1029","2548","792","1081","3621","2300"
"103","486","72","184","1186","58"
"1030","2548","792","1081","3621","2300"
"1032","1428","3827","5636","340","3754"
"1033","499","173","67","3570","172"
"1034","1339","2026","3430","2470","875"
"1035","2289","52","515","2542","3884"
"1036","1339","2026","3430","2470","875"
"1037","1639","8111","580","583","1412"
"1038","2548","792","1081","3621","2300"
"1039","2548","792","1081","3621","2300"
"104","1249","1044","192","289","1274"
"1040","2548","792","1081","3621","2300"
"1041","89","599","5678","295","173"
"1042","1489","6448","1114","1689","89"
"1044","2548","792","1081","3621","2300"
"1046","1489","6448","1114","1689","89"
"1047","2548","792","1081","3621","2300"
"1049","450","196","173","1504","441"
"105","2548","792","1081","3621","2300"
"1050","1627","3700","1510","173","441"
"1051","5630","1853","1047","917","412"
"1052","1428","3827","5636","340","3754"
"1053","289","1400","6600","2102","173"
"1054","6150","3502","2446","3413","2478"
"1055","1489","6448","1114","1689","89"
"1056","2548","792","1081","3621","2300"
"1057","1489","6448","1114","1689","89"
"1058","1489","6448","1114","1689","89"
"106","2548","792","1081","3621","2300"
"1060","1339","2026","3430","2470","875"
"1061","2548","792","1081","3621","2300"
"1062","1428","3827","5636","340","3754"
"1063","2548","792","1081","3621","2300"
"1064","2343","917","922","1808","1337"
"1065","89","292","295","301","257"
"1067","458","544","227","4208","196"
"1068","2548","792","1081","3621","2300"
"1069","499","173","67","3570","172"
"107","707","592","1535","917","1406"
"1070","1428","3827","5636","340","3754"
"1071","289","1904","2102","229","2548"
"1072","3393","3739","1300","423","367"
"1073","458","544","227","4208","196"
"1074","2548","792","1081","3621","2300"
"1075","2018","178","961","1098","2531"
"1076","2548","792","1081","3621","2300"
"1078","89","599","5678","295","173"
"1079","487","1066","1863","1672","898"
"108","2548","792","1081","3621","2300"
"1080","1428","3827","5636","340","3754"
"1081","455","230","706","72","173"
"1082","2548","792","1081","3621","2300"
"1083","2548","792","1081","3621","2300"
"1084","6150","3502","2446","3413","2478"
"1085","6150","3502","2446","3413","2478"
"1086","2548","792","1081","3621","2300"
"1087","1339","2026","3430","2470","875"
"1088","4225","708","758","1858","2637"
"1089","2548","792","1081","3621","2300"
"109","2548","792","1081","3621","2300"
"1091","4225","708","758","1858","2637"
"1092","499","173","67","3570","172"
"1093","2548","792","1081","3621","2300"
"1094","1339","2026","3430","2470","875"
"1097","2018","178","961","1098","2531"
"1098","1673","3200","2667","198","203"
"1099","486","72","184","1186","58"
"11","289","1400","6600","2102","173"
"110","289","1400","6600","2102","173"
"1100","2548","792","1081","3621","2300"
"1101","1339","2026","3430","2470","875"
"1102","1670","1904","1180","961","2044"
"1103","1489","6448","1114","1689","89"
"1104","1670","1904","1180","961","2044"
"1106","1098","1459","288","161","1034"
"1107","1672","493","830","1180","2619"
"1108","2548","792","1081","3621","2300"
"1109","289","1400","6600","2102","173"
"111","1339","2026","3430","2470","875"
"1110","2548","792","1081","3621","2300"
"1111","195","470","2242","683","2214"
"1112","2548","792","1081","3621","2300"
"1113","1670","1904","1180","961","2044"
"1114","2775","57","190","1858","439"
"1115","2548","792","1081","3621","2300"
"1116","2548","792","1081","3621","2300"
"1118","2775","57","190","1858","439"
"1119","1489","6448","1114","1689","89"
"1120","786","289","72","686","2543"
"1121","2548","792","1081","3621","2300"
"1122","304","157","55","704","470"
"1123","2548","792","1081","3621","2300"
"1124","3198","289","811","155","5310"
"1125","2548","792","1081","3621","2300"
"1126","89","599","5678","295","173"
"1128","3393","3739","1300","423","367"
"113","198","475","707","917","2834"
"1130","4828","1854","289","599","1057"
"1131","304","157","55","704","470"
"1132","289","1904","2102","229","2548"
"1133","2548","792","1081","3621","2300"
"1134","6600","65","4432","300","5072"
"1135","1489","6448","1114","1689","89"
"1136","2548","792","1081","3621","2300"
"1137","1670","1904","1180","961","2044"
"1138","56","2136","2342","2300","163"
"1139","289","1400","6600","2102","173"
"114","2548","792","1081","3621","2300"
"1140","2548","792","1081","3621","2300"
"1143","1670","1904","1180","961","2044"
"1144","2548","792","1081","3621","2300"
"1145","1670","1904","1180","961","2044"
"1146","378","455","680","9187","1705"
"1147","1428","3827","5636","340","3754"
"1148","1673","3200","2667","198","203"
"1149","450","196","173","1504","441"
"115","1639","8111","580","583","1412"
"1150","223","344","2453","1377","2454"
"1151","2548","792","1081","3621","2300"
"1152","2548","792","1081","3621","2300"
"1153","458","544","227","4208","196"
"1154","2548","792","1081","3621","2300"
"1155","2548","792","1081","3621","2300"
"1156","2775","57","190","1858","439"
"1157","2548","792","1081","3621","2300"
"1158","2548","792","1081","3621","2300"
"1159","2548","792","1081","3621","2300"
"116","2548","792","1081","3621","2300"
"1160","4225","708","758","1858","2637"
"1161","2548","792","1081","3621","2300"
"1163","72","190","65","599","1713"
"1164","2548","792","1081","3621","2300"
"1165","2548","792","1081","3621","2300"
"1166","2548","792","1081","3621","2300"
"1167","2548","792","1081","3621","2300"
"117","1306","909","63","1505","1116"
"1170","2548","792","1081","3621","2300"
"1171","1670","1904","1180","961","2044"
"1172","1670","1904","1180","961","2044"
"1173","735","192","228","63","82"
"1174","198","2835","1672","835","923"
"1176","487","1066","1863","1672","898"
"1177","2548","792","1081","3621","2300"
"1178","223","344","2453","1377","2454"
"1179","2548","792","1081","3621","2300"
"118","2548","792","1081","3621","2300"
"1180","4828","1854","289","599","1057"
"1181","2548","792","1081","3621","2300"
"1182","6150","3502","2446","3413","2478"
"1183","932","2850","9716","617","615"
"1184","1489","6448","1114","1689","89"
"1185","2018","178","961","1098","2531"
"1186","3393","3739","1300","423","367"
"1187","2548","792","1081","3621","2300"
"1188","2018","178","961","1098","2531"
"1189","289","1400","6600","2102","173"
"119","2548","792","1081","3621","2300"
"1190","2548","792","1081","3621","2300"
"1191","1673","3200","2667","198","203"
"1192","932","2850","9716","617","615"
"1193","2548","792","1081","3621","2300"
"1194","6150","3502","2446","3413","2478"
"1195","1627","3700","1510","173","441"
"1196","932","2850","9716","617","615"
"1197","289","1400","6600","2102","173"
"1198","2548","792","1081","3621","2300"
"1199","458","544","227","4208","196"
"12","377","378","486","333","487"
"120","786","289","72","686","2543"
"1200","2548","792","1081","3621","2300"
"1202","1306","909","63","1505","1116"
"1204","2548","792","1081","3621","2300"
"1205","2548","792","1081","3621","2300"
"1206","2548","792","1081","3621","2300"
"1207","2548","792","1081","3621","2300"
"1209","1673","3200","2667","198","203"
"121","1489","6448","1114","1689","89"
"1210","51","511","72","67","2562"
"1211","2548","792","1081","3621","2300"
"1212","1339","2026","3430","2470","875"
"1213","1673","3200","2667","198","203"
"1214","2548","792","1081","3621","2300"
"1215","2548","792","1081","3621","2300"
"1216","227","679","161","486","1470"
"1217","2548","792","1081","3621","2300"
"1219","1339","2026","3430","2470","875"
"122","1428","3827","5636","340","3754"
"1220","2018","178","961","1098","2531"
"1221","2548","792","1081","3621","2300"
"1222","289","1400","6600","2102","173"
"1223","458","544","227","4208","196"
"1224","2548","792","1081","3621","2300"
"1225","486","72","184","1186","58"
"1226","2548","792","1081","3621","2300"
"1228","2548","792","1081","3621","2300"
"1229","4828","1854","289","599","1057"
"123","6150","3502","2446","3413","2478"
"1230","2548","792","1081","3621","2300"
"1231","2548","792","1081","3621","2300"
"1232","2548","792","1081","3621","2300"
"1233","499","173","67","3570","172"
"1234","2548","792","1081","3621","2300"
"1235","2548","792","1081","3621","2300"
"1236","614","1131","7","2172","475"
"1237","1339","2026","3430","2470","875"
"1238","2548","792","1081","3621","2300"
"1239","2548","792","1081","3621","2300"
"124","72","1704","91","748","3109"
"1240","2548","792","1081","3621","2300"
"1242","2548","792","1081","3621","2300"
"1243","2548","792","1081","3621","2300"
"1244","1339","2026","3430","2470","875"
"1245","227","679","161","486","1470"
"1246","2548","792","1081","3621","2300"
"1247","289","1904","2102","229","2548"
"1248","1489","6448","1114","1689","89"
"1249","2548","792","1081","3621","2300"
"125","458","544","227","4208","196"
"1253","289","1400","6600","2102","173"
"1254","2548","792","1081","3621","2300"
"1255","72","1704","91","748","3109"
"1256","1339","2026","3430","2470","875"
"1258","2548","792","1081","3621","2300"
"1259","227","679","161","486","1470"
"126","2548","792","1081","3621","2300"
"1261","6150","3502","2446","3413","2478"
"1262","67","180","340","1464","889"
"1263","289","1400","6600","2102","173"
"1264","458","544","227","4208","196"
"1265","2548","792","1081","3621","2300"
"1267","5630","1853","1047","917","412"
"127","2548","792","1081","3621","2300"
"1270","4828","1854","289","599","1057"
"1271","458","544","227","4208","196"
"1272","504","906","498","1045","458"
"1273","2548","792","1081","3621","2300"
"1274","2548","792","1081","3621","2300"
"1275","458","544","227","4208","196"
"1276","2548","792","1081","3621","2300"
"1277","903","5217","498","533","227"
"1278","4828","1854","289","599","1057"
"1279","1428","3827","5636","340","3754"
"128","1306","909","63","1505","1116"
"1280","2775","57","190","1858","439"
"1281","2380","1854","3240","490","1118"
"1282","72","1704","91","748","3109"
"1283","504","906","498","1045","458"
"1284","2548","792","1081","3621","2300"
"1286","2548","792","1081","3621","2300"
"1287","2548","792","1081","3621","2300"
"1288","1428","3827","5636","340","3754"
"1289","6150","3502","2446","3413","2478"
"129","1489","6448","1114","1689","89"
"1290","2277","3110","316","961","1383"
"1291","1428","3827","5636","340","3754"
"1292","1400","681","908","4704","546"
"1293","1489","6448","1114","1689","89"
"1294","304","157","55","704","470"
"1295","6150","3502","2446","3413","2478"
"1296","2548","792","1081","3621","2300"
"1298","1489","6448","1114","1689","89"
"1299","2548","792","1081","3621","2300"
"13","89","333","310","298","328"
"130","1489","6448","1114","1689","89"
"1300","289","1904","2102","229","2548"
"1301","289","1904","2102","229","2548"
"1302","2548","792","1081","3621","2300"
"1303","2548","792","1081","3621","2300"
"1304","1489","6448","1114","1689","89"
"1305","3393","3739","1300","423","367"
"1307","1489","6448","1114","1689","89"
"1308","67","157","289","292","285"
"1309","1339","2026","3430","2470","875"
"131","2548","792","1081","3621","2300"
"1310","2786","498","289","2467","166"
"1311","4828","1854","289","599","1057"
"1312","2548","792","1081","3621","2300"
"1313","2548","792","1081","3621","2300"
"1316","1670","1904","1180","961","2044"
"1318","3393","3739","1300","423","367"
"1319","1428","3827","5636","340","3754"
"132","1489","6448","1114","1689","89"
"1321","2548","792","1081","3621","2300"
"1322","2548","792","1081","3621","2300"
"1323","2548","792","1081","3621","2300"
"1324","1428","3827","5636","340","3754"
"1325","2548","792","1081","3621","2300"
"1327","2562","193","2469","51","994"
"1329","1339","2026","3430","2470","875"
"133","4828","1854","289","599","1057"
"1330","2548","792","1081","3621","2300"
"1331","1339","2026","3430","2470","875"
"1332","3198","289","811","155","5310"
"1333","1339","2026","3430","2470","875"
"1334","1489","6448","1114","1689","89"
"1335","2548","792","1081","3621","2300"
"1336","2548","792","1081","3621","2300"
"1337","1339","2026","3430","2470","875"
"1339","903","5217","498","533","227"
"134","786","289","72","686","2543"
"1340","2548","792","1081","3621","2300"
"1342","56","2136","2342","2300","163"
"1343","72","1412","854","1034","1714"
"1345","1428","3827","5636","340","3754"
"1346","4225","708","758","1858","2637"
"1347","1428","3827","5636","340","3754"
"1348","4828","1854","289","599","1057"
"1349","1428","3827","5636","340","3754"
"135","3393","3739","1300","423","367"
"1350","2548","792","1081","3621","2300"
"1351","304","157","55","704","470"
"1352","2548","792","1081","3621","2300"
"1353","2548","792","1081","3621","2300"
"1354","6724","1414","436","423","71"
"1355","1428","3827","5636","340","3754"
"1356","289","1400","6600","2102","173"
"1357","2548","792","1081","3621","2300"
"1358","2548","792","1081","3621","2300"
"136","2548","792","1081","3621","2300"
"1360","2548","792","1081","3621","2300"
"1362","1428","3827","5636","340","3754"
"1363","4225","708","758","1858","2637"
"1364","1428","3827","5636","340","3754"
"1365","3198","289","811","155","5310"
"1366","4828","1854","289","599","1057"
"1367","2548","792","1081","3621","2300"
"1368","227","679","161","486","1470"
"1369","1670","1904","1180","961","2044"
"137","2018","178","961","1098","2531"
"1371","2548","792","1081","3621","2300"
"1372","2548","792","1081","3621","2300"
"1373","2548","792","1081","3621","2300"
"1374","2548","792","1081","3621","2300"
"1375","2548","792","1081","3621","2300"
"1376","486","4262","412","680","289"
"1377","195","470","2242","683","2214"
"1378","2548","792","1081","3621","2300"
"1379","223","344","2453","1377","2454"
"1380","2548","792","1081","3621","2300"
"1381","1670","1904","1180","961","2044"
"1382","1339","2026","3430","2470","875"
"1383","6150","3502","2446","3413","2478"
"1384","932","2850","9716","617","615"
"1385","1670","1904","1180","961","2044"
"1386","2548","792","1081","3621","2300"
"1387","2548","792","1081","3621","2300"
"1388","304","157","55","704","470"
"1389","2548","792","1081","3621","2300"
"139","2548","792","1081","3621","2300"
"1390","2548","792","1081","3621","2300"
"1393","2548","792","1081","3621","2300"
"1394","2548","792","1081","3621","2300"
"1395","2548","792","1081","3621","2300"
"1396","1428","3827","5636","340","3754"
"1397","2548","792","1081","3621","2300"
"1398","2548","792","1081","3621","2300"
"1399","786","289","72","686","2543"
"14","2548","792","1081","3621","2300"
"140","2775","57","190","1858","439"
"1401","2548","792","1081","3621","2300"
"1402","154","436","199","4079","226"
"1403","4225","708","758","1858","2637"
"1404","1627","3700","1510","173","441"
"1405","1339","2026","3430","2470","875"
"1406","2548","792","1081","3621","2300"
"1407","1339","2026","3430","2470","875"
"1408","289","2179","4230","1231","1601"
"141","1673","3200","2667","198","203"
"1410","1670","1904","1180","961","2044"
"1411","6150","3502","2446","3413","2478"
"1413","289","1400","6600","2102","173"
"1414","1339","2026","3430","2470","875"
"1416","7650","986","207","470","1689"
"1418","89","1541","498","1191","536"
"1419","2548","792","1081","3621","2300"
"142","1673","3200","2667","198","203"
"1420","2548","792","1081","3621","2300"
"1421","1428","3827","5636","340","3754"
"1422","1428","3827","5636","340","3754"
"1423","2548","792","1081","3621","2300"
"1424","1339","2026","3430","2470","875"
"1425","2018","178","961","1098","2531"
"1426","2548","792","1081","3621","2300"
"1427","1306","909","63","1505","1116"
"1428","1339","2026","3430","2470","875"
"1429","3198","289","811","155","5310"
"143","735","192","228","63","82"
"1430","1428","3827","5636","340","3754"
"1431","1670","1904","1180","961","2044"
"1432","1673","3200","2667","198","203"
"1433","2548","792","1081","3621","2300"
"1434","3393","3739","1300","423","367"
"1435","1428","3827","5636","340","3754"
"1437","304","157","55","704","470"
"1438","458","544","227","4208","196"
"1439","1339","2026","3430","2470","875"
"144","786","289","72","686","2543"
"1440","2548","792","1081","3621","2300"
"1441","2548","792","1081","3621","2300"
"1442","2548","792","1081","3621","2300"
"1443","89","599","5678","295","173"
"1444","4225","708","758","1858","2637"
"1445","289","1400","6600","2102","173"
"1446","2548","792","1081","3621","2300"
"1447","1489","6448","1114","1689","89"
"1449","458","544","227","4208","196"
"145","3393","3739","1300","423","367"
"1450","4225","708","758","1858","2637"
"1451","2548","792","1081","3621","2300"
"1452","325","1034","499","220","511"
"1453","3198","289","811","155","5310"
"1454","1306","909","63","1505","1116"
"1455","3198","289","811","155","5310"
"1456","1306","909","63","1505","1116"
"1457","3198","289","811","155","5310"
"1458","304","157","55","704","470"
"1459","1428","3827","5636","340","3754"
"146","1098","1459","288","161","1034"
"1461","1670","1904","1180","961","2044"
"1462","3393","3739","1300","423","367"
"1463","2548","792","1081","3621","2300"
"1464","1339","2026","3430","2470","875"
"1465","4225","708","758","1858","2637"
"1466","2548","792","1081","3621","2300"
"1467","2548","792","1081","3621","2300"
"1469","455","230","706","72","173"
"147","3198","289","811","155","5310"
"1470","1627","3700","1510","173","441"
"1471","289","1400","6600","2102","173"
"1472","2548","792","1081","3621","2300"
"1473","2548","792","1081","3621","2300"
"1474","2548","792","1081","3621","2300"
"1475","786","289","72","686","2543"
"1476","504","906","498","1045","458"
"1477","2548","792","1081","3621","2300"
"1478","1098","1459","288","161","1034"
"1479","2548","792","1081","3621","2300"
"148","2548","792","1081","3621","2300"
"1480","2548","792","1081","3621","2300"
"1481","7650","986","207","470","1689"
"1483","1673","3200","2667","198","203"
"1484","2548","792","1081","3621","2300"
"1485","1339","2026","3430","2470","875"
"1486","455","230","706","72","173"
"1488","812","707","6282","503","227"
"1489","227","679","161","486","1470"
"149","4225","708","758","1858","2637"
"1490","487","1066","1863","1672","898"
"1491","2548","792","1081","3621","2300"
"1492","1670","1904","1180","961","2044"
"1493","2548","792","1081","3621","2300"
"1494","2346","3063","157","207","155"
"1495","2548","792","1081","3621","2300"
"1496","72","1704","91","748","3109"
"1497","2548","792","1081","3621","2300"
"1498","1339","2026","3430","2470","875"
"15","1339","2026","3430","2470","875"
"150","786","289","72","686","2543"
"1500","2548","792","1081","3621","2300"
"1501","2548","792","1081","3621","2300"
"1502","1673","3200","2667","198","203"
"1503","2548","792","1081","3621","2300"
"1504","6150","3502","2446","3413","2478"
"1505","72","1704","91","748","3109"
"1506","1339","2026","3430","2470","875"
"1507","2548","792","1081","3621","2300"
"1508","2775","57","190","1858","439"
"1509","4225","708","758","1858","2637"
"151","2548","792","1081","3621","2300"
"1511","3393","3739","1300","423","367"
"1513","1339","2026","3430","2470","875"
"1514","2548","792","1081","3621","2300"
"1515","2548","792","1081","3621","2300"
"1516","786","289","72","686","2543"
"1517","462","542","1556","2984","295"
"1518","1339","2026","3430","2470","875"
"1519","1670","1904","1180","961","2044"
"152","1428","3827","5636","340","3754"
"1520","2548","792","1081","3621","2300"
"1521","3393","3739","1300","423","367"
"1522","2548","792","1081","3621","2300"
"1524","458","544","227","4208","196"
"1525","304","157","55","704","470"
"1527","2548","792","1081","3621","2300"
"1528","2548","792","1081","3621","2300"
"153","2548","792","1081","3621","2300"
"1530","56","2136","2342","2300","163"
"1531","2548","792","1081","3621","2300"
"1532","499","173","67","3570","172"
"1533","462","542","1556","2984","295"
"1534","56","2136","2342","2300","163"
"1535","4225","708","758","1858","2637"
"1536","89","599","5678","295","173"
"1537","4828","1854","289","599","1057"
"1538","1976","154","173","51","227"
"1539","455","230","706","72","173"
"154","830","378","930","923","2940"
"1540","3393","3739","1300","423","367"
"1541","1673","3200","2667","198","203"
"1542","2548","792","1081","3621","2300"
"1543","289","7340","67","89","3317"
"1544","1670","1904","1180","961","2044"
"1545","1339","2026","3430","2470","875"
"1546","1339","2026","3430","2470","875"
"1547","2548","792","1081","3621","2300"
"1549","1428","3827","5636","340","3754"
"155","1339","2026","3430","2470","875"
"1551","1339","2026","3430","2470","875"
"1552","455","802","161","288","299"
"1553","2548","792","1081","3621","2300"
"1554","2548","792","1081","3621","2300"
"1555","289","1400","6600","2102","173"
"1556","458","544","227","4208","196"
"1557","2548","792","1081","3621","2300"
"1558","1673","333","378","486","498"
"1559","458","544","227","4208","196"
"156","207","533","154","163","221"
"1560","289","7340","67","89","3317"
"1562","1489","6448","1114","1689","89"
"1563","518","299","4136","320","1114"
"1564","289","1400","6600","2102","173"
"1565","1339","2026","3430","2470","875"
"1566","2548","792","1081","3621","2300"
"1567","227","679","161","486","1470"
"1568","3393","3739","1300","423","367"
"157","2548","792","1081","3621","2300"
"1570","2548","792","1081","3621","2300"
"1572","289","1400","6600","2102","173"
"1573","2548","792","1081","3621","2300"
"1574","932","2850","9716","617","615"
"1575","2548","792","1081","3621","2300"
"1576","2548","792","1081","3621","2300"
"1577","289","1400","6600","2102","173"
"1578","2548","792","1081","3621","2300"
"1579","458","544","227","4208","196"
"158","2548","792","1081","3621","2300"
"1580","289","1400","6600","2102","173"
"1581","1339","2026","3430","2470","875"
"1582","2548","792","1081","3621","2300"
"1583","2775","57","190","1858","439"
"1584","325","1034","499","220","511"
"1585","1306","909","63","1505","1116"
"1586","2343","917","922","1808","1337"
"1587","1339","2026","3430","2470","875"
"1588","356","344","2468","461","1459"
"1589","2548","792","1081","3621","2300"
"159","499","173","67","3570","172"
"1590","499","173","67","3570","172"
"1591","2548","792","1081","3621","2300"
"1592","2548","792","1081","3621","2300"
"1593","289","1400","6600","2102","173"
"1594","458","544","227","4208","196"
"1595","72","1704","91","748","3109"
"1596","458","544","227","4208","196"
"1597","458","544","227","4208","196"
"1599","2548","792","1081","3621","2300"
"16","2548","792","1081","3621","2300"
"1600","499","173","67","3570","172"
"1601","2548","792","1081","3621","2300"
"1604","2548","792","1081","3621","2300"
"1605","1670","1904","1180","961","2044"
"1606","289","1904","2102","229","2548"
"1607","2548","792","1081","3621","2300"
"1608","786","289","72","686","2543"
"161","487","1066","1863","1672","898"
"1611","2548","792","1081","3621","2300"
"1613","227","679","161","486","1470"
"1614","1339","2026","3430","2470","875"
"1615","325","1034","499","220","511"
"1616","2548","792","1081","3621","2300"
"1617","2548","792","1081","3621","2300"
"1618","2548","792","1081","3621","2300"
"1619","1246","1673","51","1244","488"
"162","2548","792","1081","3621","2300"
"1620","2548","792","1081","3621","2300"
"1621","2548","792","1081","3621","2300"
"1622","2548","792","1081","3621","2300"
"1623","1339","2026","3430","2470","875"
"1624","2548","792","1081","3621","2300"
"1625","1428","3827","5636","340","3754"
"1626","56","2136","2342","2300","163"
"1627","1412","1110","163","730","868"
"1628","289","1400","6600","2102","173"
"1629","56","2136","2342","2300","163"
"163","2548","792","1081","3621","2300"
"1630","2548","792","1081","3621","2300"
"1632","1489","6448","1114","1689","89"
"1633","499","173","67","3570","172"
"1634","2548","792","1081","3621","2300"
"1635","2548","792","1081","3621","2300"
"1636","304","157","55","704","470"
"1637","1627","3700","1510","173","441"
"1638","2548","792","1081","3621","2300"
"1639","56","2136","2342","2300","163"
"164","1643","614","152","154","964"
"1640","89","599","5678","295","173"
"1641","2548","792","1081","3621","2300"
"1642","72","1704","91","748","3109"
"1643","1306","909","63","1505","1116"
"1644","89","599","5678","295","173"
"1646","2018","178","961","1098","2531"
"1647","2548","792","1081","3621","2300"
"1648","1670","1904","1180","961","2044"
"1649","3393","3739","1300","423","367"
"1650","932","2850","9716","617","615"
"1652","4828","1854","289","599","1057"
"1653","1339","2026","3430","2470","875"
"1654","2548","792","1081","3621","2300"
"1655","2548","792","1081","3621","2300"
"1656","1339","2026","3430","2470","875"
"1657","2548","792","1081","3621","2300"
"1658","2548","792","1081","3621","2300"
"1659","1489","6448","1114","1689","89"
"166","2548","792","1081","3621","2300"
"1660","2548","792","1081","3621","2300"
"1661","2548","792","1081","3621","2300"
"1662","2548","792","1081","3621","2300"
"1663","681","304","2044","157","727"
"1664","4225","708","758","1858","2637"
"1665","488","3570","190","317","371"
"1666","289","279","1246","3489","704"
"1667","6724","1414","436","423","71"
"1669","1673","3200","2667","198","203"
"1670","2548","792","1081","3621","2300"
"1671","5630","1853","1047","917","412"
"1672","72","1704","91","748","3109"
"1674","4828","1854","289","599","1057"
"1675","2548","792","1081","3621","2300"
"1676","1428","3827","5636","340","3754"
"1677","1339","2026","3430","2470","875"
"1678","786","289","72","686","2543"
"1679","2548","792","1081","3621","2300"
"168","2548","792","1081","3621","2300"
"1680","2548","792","1081","3621","2300"
"1682","4225","708","758","1858","2637"
"1683","6150","3502","2446","3413","2478"
"1684","455","344","498","3568","289"
"1685","455","230","706","72","173"
"1686","4225","708","758","1858","2637"
"1687","3393","3739","1300","423","367"
"1688","6150","3502","2446","3413","2478"
"1689","2548","792","1081","3621","2300"
"1690","2548","792","1081","3621","2300"
"1691","2548","792","1081","3621","2300"
"1692","2548","792","1081","3621","2300"
"1693","289","4350","288","300","333"
"1694","1339","2026","3430","2470","875"
"1695","1428","3827","5636","340","3754"
"1696","812","707","6282","503","227"
"1697","2548","792","1081","3621","2300"
"1699","1670","1904","1180","961","2044"
"17","2548","792","1081","3621","2300"
"170","5630","1853","1047","917","412"
"1700","2548","792","1081","3621","2300"
"1701","1428","3827","5636","340","3754"
"1702","2548","792","1081","3621","2300"
"1703","4828","1854","289","599","1057"
"1704","4828","1854","289","599","1057"
"1705","1339","2026","3430","2470","875"
"1706","1339","2026","3430","2470","875"
"1707","89","599","5678","295","173"
"1708","1339","2026","3430","2470","875"
"1709","458","544","227","4208","196"
"171","4828","1854","289","599","1057"
"1710","2548","792","1081","3621","2300"
"1711","1339","2026","3430","2470","875"
"1712","56","2136","2342","2300","163"
"1715","2018","178","961","1098","2531"
"1717","289","1400","6600","2102","173"
"1718","2548","792","1081","3621","2300"
"1719","2548","792","1081","3621","2300"
"172","2548","792","1081","3621","2300"
"1720","1339","2026","3430","2470","875"
"1721","2548","792","1081","3621","2300"
"1722","1670","1904","1180","961","2044"
"1723","2548","792","1081","3621","2300"
"1724","455","230","706","72","173"
"1725","1670","1904","1180","961","2044"
"1726","289","1400","6600","2102","173"
"1727","2775","57","190","1858","439"
"1728","72","1704","91","748","3109"
"1729","1673","3200","2667","198","203"
"173","2548","792","1081","3621","2300"
"1730","2548","792","1081","3621","2300"
"1732","1428","3827","5636","340","3754"
"1733","2548","792","1081","3621","2300"
"1734","462","542","1556","2984","295"
"1736","2548","792","1081","3621","2300"
"1737","2548","792","1081","3621","2300"
"174","2548","792","1081","3621","2300"
"1740","6150","3502","2446","3413","2478"
"1741","1339","2026","3430","2470","875"
"1742","499","173","67","3570","172"
"1743","195","470","2242","683","2214"
"1744","486","72","184","1186","58"
"1745","2548","792","1081","3621","2300"
"1746","1339","2026","3430","2470","875"
"1747","1428","3827","5636","340","3754"
"1748","2548","792","1081","3621","2300"
"1749","932","2850","9716","617","615"
"175","223","344","2453","1377","2454"
"1751","6724","1414","436","423","71"
"1752","2548","792","1081","3621","2300"
"1753","1489","6448","1114","1689","89"
"1754","5630","1853","1047","917","412"
"1755","2548","792","1081","3621","2300"
"1757","1670","1904","1180","961","2044"
"1759","1339","2026","3430","2470","875"
"176","1339","2026","3430","2470","875"
"1760","2548","792","1081","3621","2300"
"1761","1428","3827","5636","340","3754"
"1762","1489","6448","1114","1689","89"
"1764","2548","792","1081","3621","2300"
"1765","1670","1904","1180","961","2044"
"1766","2548","792","1081","3621","2300"
"1768","1489","6448","1114","1689","89"
"1769","2548","792","1081","3621","2300"
"177","458","544","227","4208","196"
"1770","2548","792","1081","3621","2300"
"1771","2548","792","1081","3621","2300"
"1772","932","2850","9716","617","615"
"1773","55","89","288","292","310"
"1774","1428","3827","5636","340","3754"
"1775","2548","792","1081","3621","2300"
"1776","2548","792","1081","3621","2300"
"1777","72","1704","91","748","3109"
"1778","2775","57","190","1858","439"
"1779","2548","792","1081","3621","2300"
"178","2548","792","1081","3621","2300"
"1780","3198","289","811","155","5310"
"1781","1428","3827","5636","340","3754"
"1782","1489","6448","1114","1689","89"
"1783","458","544","227","4208","196"
"1784","4225","708","758","1858","2637"
"1785","2775","57","190","1858","439"
"1786","1670","1904","1180","961","2044"
"1787","2548","792","1081","3621","2300"
"1788","289","1400","6600","2102","173"
"1789","1339","2026","3430","2470","875"
"179","1489","6448","1114","1689","89"
"1790","1670","1904","1180","961","2044"
"1791","2548","792","1081","3621","2300"
"1792","1412","1110","163","730","868"
"1793","1339","2026","3430","2470","875"
"1794","2548","792","1081","3621","2300"
"1795","1670","1904","1180","961","2044"
"1796","2548","792","1081","3621","2300"
"1797","2775","57","190","1858","439"
"1798","486","72","184","1186","58"
"1799","2548","792","1081","3621","2300"
"18","1339","2026","3430","2470","875"
"180","1428","3827","5636","340","3754"
"1800","1401","3673","53","432","72"
"1801","2548","792","1081","3621","2300"
"1802","1339","2026","3430","2470","875"
"1803","2548","792","1081","3621","2300"
"1804","1428","3827","5636","340","3754"
"1805","458","544","227","4208","196"
"1806","6150","3502","2446","3413","2478"
"1807","6759","418","217","763","195"
"1808","289","1400","6600","2102","173"
"1809","2548","792","1081","3621","2300"
"181","1428","3827","5636","340","3754"
"1810","288","300","475","701","89"
"1811","462","542","1556","2984","295"
"1813","3393","3739","1300","423","367"
"1814","1428","3827","5636","340","3754"
"1815","1339","2026","3430","2470","875"
"1816","2548","792","1081","3621","2300"
"1817","1339","2026","3430","2470","875"
"1818","229","1001","734","72","65"
"1819","4828","1854","289","599","1057"
"182","2548","792","1081","3621","2300"
"1820","289","1400","6600","2102","173"
"1821","1489","6448","1114","1689","89"
"1822","2548","792","1081","3621","2300"
"1823","2548","792","1081","3621","2300"
"1824","4828","1854","289","599","1057"
"1825","4828","1854","289","599","1057"
"1826","2548","792","1081","3621","2300"
"1827","2548","792","1081","3621","2300"
"1828","289","1400","6600","2102","173"
"1829","3393","3739","1300","423","367"
"183","2548","792","1081","3621","2300"
"1830","903","5217","498","533","227"
"1831","7650","986","207","470","1689"
"1832","903","5217","498","533","227"
"1833","2548","792","1081","3621","2300"
"1834","680","1590","1684","681","344"
"1835","4828","1854","289","599","1057"
"1836","718","576","1390","207","198"
"1838","2548","792","1081","3621","2300"
"1839","2548","792","1081","3621","2300"
"184","1673","3200","2667","198","203"
"1840","2548","792","1081","3621","2300"
"1841","2548","792","1081","3621","2300"
"1842","2548","792","1081","3621","2300"
"1844","1670","1904","1180","961","2044"
"1845","2548","792","1081","3621","2300"
"1846","458","544","227","4208","196"
"1847","2548","792","1081","3621","2300"
"1848","2548","792","1081","3621","2300"
"185","1673","3200","2667","198","203"
"1850","2548","792","1081","3621","2300"
"1851","344","686","386","679","4560"
"1852","2548","792","1081","3621","2300"
"1853","2548","792","1081","3621","2300"
"1854","2548","792","1081","3621","2300"
"1855","2548","792","1081","3621","2300"
"1856","2548","792","1081","3621","2300"
"1857","2548","792","1081","3621","2300"
"1858","1428","3827","5636","340","3754"
"1859","196","202","429","441","562"
"186","1673","333","378","486","498"
"1860","5630","1853","1047","917","412"
"1861","2548","792","1081","3621","2300"
"1862","2548","792","1081","3621","2300"
"1863","786","289","72","686","2543"
"1864","2548","792","1081","3621","2300"
"1865","2548","792","1081","3621","2300"
"1866","1306","909","63","1505","1116"
"1867","2548","792","1081","3621","2300"
"1868","5630","1853","1047","917","412"
"1869","2548","792","1081","3621","2300"
"187","1339","2026","3430","2470","875"
"1871","786","289","72","686","2543"
"1872","4225","708","758","1858","2637"
"1873","4828","1854","289","599","1057"
"1874","2548","792","1081","3621","2300"
"1875","1339","2026","3430","2470","875"
"1877","1428","3827","5636","340","3754"
"1879","1339","2026","3430","2470","875"
"188","2548","792","1081","3621","2300"
"1880","3393","3739","1300","423","367"
"1881","2548","792","1081","3621","2300"
"1882","2548","792","1081","3621","2300"
"1883","1339","2026","3430","2470","875"
"1885","2548","792","1081","3621","2300"
"1887","2548","792","1081","3621","2300"
"1888","2548","792","1081","3621","2300"
"1889","1412","1110","163","730","868"
"189","4225","708","758","1858","2637"
"1890","2548","792","1081","3621","2300"
"1891","2548","792","1081","3621","2300"
"1892","1428","3827","5636","340","3754"
"1894","289","1400","6600","2102","173"
"1895","462","542","1556","2984","295"
"1896","6150","3502","2446","3413","2478"
"1897","1339","2026","3430","2470","875"
"1898","3198","289","811","155","5310"
"1899","2018","178","961","1098","2531"
"190","2548","792","1081","3621","2300"
"1900","2548","792","1081","3621","2300"
"1902","2548","792","1081","3621","2300"
"1903","2548","792","1081","3621","2300"
"1904","2548","792","1081","3621","2300"
"1905","2548","792","1081","3621","2300"
"1906","1670","1904","1180","961","2044"
"1907","2548","792","1081","3621","2300"
"1908","681","304","2044","157","727"
"1909","499","173","67","3570","172"
"191","486","72","184","1186","58"
"1910","2018","178","961","1098","2531"
"1911","7650","986","207","470","1689"
"1912","2548","792","1081","3621","2300"
"1914","1339","2026","3430","2470","875"
"1915","4828","1854","289","599","1057"
"1917","89","290","4814","288","5988"
"1918","6724","1414","436","423","71"
"1919","1428","3827","5636","340","3754"
"192","2548","792","1081","3621","2300"
"1920","4225","708","758","1858","2637"
"1921","1672","493","830","1180","2619"
"1922","6724","1414","436","423","71"
"1923","1339","2026","3430","2470","875"
"1924","498","370","486","154","499"
"1925","2548","792","1081","3621","2300"
"1926","1339","2026","3430","2470","875"
"1928","2548","792","1081","3621","2300"
"1929","56","2136","2342","2300","163"
"193","56","2136","2342","2300","163"
"1930","2548","792","1081","3621","2300"
"1931","6724","1414","436","423","71"
"1933","2548","792","1081","3621","2300"
"1934","2548","792","1081","3621","2300"
"1935","4225","708","758","1858","2637"
"1936","1428","3827","5636","340","3754"
"1937","227","679","161","486","1470"
"1938","1339","2026","3430","2470","875"
"1939","2548","792","1081","3621","2300"
"194","6150","3502","2446","3413","2478"
"1941","2548","792","1081","3621","2300"
"1942","72","167","1014","511","1072"
"1944","2548","792","1081","3621","2300"
"1946","2548","792","1081","3621","2300"
"1947","1673","3200","2667","198","203"
"1948","2548","792","1081","3621","2300"
"1949","7650","986","207","470","1689"
"195","6724","1414","436","423","71"
"1950","1339","2026","3430","2470","875"
"1951","2548","792","1081","3621","2300"
"1952","2548","792","1081","3621","2300"
"1954","1339","2026","3430","2470","875"
"1955","6724","1414","436","423","71"
"1956","1306","909","63","1505","1116"
"1957","2548","792","1081","3621","2300"
"1958","1673","3200","2667","198","203"
"1959","1489","6448","1114","1689","89"
"196","7650","986","207","470","1689"
"1961","294","344","327","3318","1459"
"1962","2548","792","1081","3621","2300"
"1963","3198","289","811","155","5310"
"1964","1339","2026","3430","2470","875"
"1965","2548","792","1081","3621","2300"
"1966","4225","708","758","1858","2637"
"1968","2548","792","1081","3621","2300"
"1969","1339","2026","3430","2470","875"
"1971","2548","792","1081","3621","2300"
"1972","2548","792","1081","3621","2300"
"1973","67","157","289","292","285"
"1974","2548","792","1081","3621","2300"
"1975","2548","792","1081","3621","2300"
"1976","2548","792","1081","3621","2300"
"1977","6150","3502","2446","3413","2478"
"1978","2548","792","1081","3621","2300"
"1979","1489","6448","1114","1689","89"
"198","2548","792","1081","3621","2300"
"1980","1428","3827","5636","340","3754"
"1981","2548","792","1081","3621","2300"
"1982","2548","792","1081","3621","2300"
"1983","701","292","89","289","344"
"1984","487","1066","1863","1672","898"
"1986","5630","1853","1047","917","412"
"1987","1339","2026","3430","2470","875"
"1988","1489","6448","1114","1689","89"
"1989","2548","792","1081","3621","2300"
"1990","2548","792","1081","3621","2300"
"1991","2548","792","1081","3621","2300"
"1992","1627","3700","1510","173","441"
"1993","4828","1854","289","599","1057"
"1994","4828","1854","289","599","1057"
"1995","6150","3502","2446","3413","2478"
"1996","2548","792","1081","3621","2300"
"1997","458","544","227","4208","196"
"1998","1670","1904","1180","961","2044"
"1999","1339","2026","3430","2470","875"
"2","51","52","53","54","55"
"20","2548","792","1081","3621","2300"
"200","1428","3827","5636","340","3754"
"2000","1444","475","527","331","2919"
"2001","487","1066","1863","1672","898"
"2003","1673","3200","2667","198","203"
"2004","2775","57","190","1858","439"
"2005","2548","792","1081","3621","2300"
"2006","2548","792","1081","3621","2300"
"2007","932","2850","9716","617","615"
"2008","7650","986","207","470","1689"
"2009","2548","792","1081","3621","2300"
"201","72","1704","91","748","3109"
"2010","7650","986","207","470","1689"
"2011","1428","3827","5636","340","3754"
"2013","7650","986","207","470","1689"
"2014","2548","792","1081","3621","2300"
"2015","56","2136","2342","2300","163"
"2016","2548","792","1081","3621","2300"
"2017","1673","3200","2667","198","203"
"2018","2548","792","1081","3621","2300"
"2019","4225","708","758","1858","2637"
"202","1428","3827","5636","340","3754"
"2020","2548","792","1081","3621","2300"
"2021","3198","289","811","155","5310"
"2022","227","679","161","486","1470"
"2023","4828","1854","289","599","1057"
"2024","72","1151","154","511","190"
"2025","1306","909","63","1505","1116"
"2027","2548","792","1081","3621","2300"
"2028","2548","792","1081","3621","2300"
"2029","2548","792","1081","3621","2300"
"203","2548","792","1081","3621","2300"
"2030","2548","792","1081","3621","2300"
"2031","289","279","1246","3489","704"
"2032","1627","3700","1510","173","441"
"2033","3393","3739","1300","423","367"
"2034","2548","792","1081","3621","2300"
"2035","2548","792","1081","3621","2300"
"2036","1428","3827","5636","340","3754"
"2037","2548","792","1081","3621","2300"
"2038","2548","792","1081","3621","2300"
"2039","1339","2026","3430","2470","875"
"204","2548","792","1081","3621","2300"
"2040","1670","1904","1180","961","2044"
"2041","2548","792","1081","3621","2300"
"2042","2548","792","1081","3621","2300"
"2043","2548","792","1081","3621","2300"
"2044","6724","1414","436","423","71"
"2045","2548","792","1081","3621","2300"
"2046","1246","1673","51","1244","488"
"2047","2548","792","1081","3621","2300"
"2048","1428","3827","5636","340","3754"
"205","4225","708","758","1858","2637"
"2051","159","154","211","238","599"
"2052","56","2136","2342","2300","163"
"2053","2548","792","1081","3621","2300"
"2054","3198","289","811","155","5310"
"2055","2548","792","1081","3621","2300"
"2056","518","299","4136","320","1114"
"2057","2548","792","1081","3621","2300"
"2058","1670","1904","1180","961","2044"
"2059","3393","3739","1300","423","367"
"206","1428","3827","5636","340","3754"
"2060","2548","792","1081","3621","2300"
"2061","344","686","386","679","4560"
"2062","2775","57","190","1858","439"
"2064","325","1034","499","220","511"
"2065","3393","3739","1300","423","367"
"2066","2548","792","1081","3621","2300"
"2067","2548","792","1081","3621","2300"
"2068","2548","792","1081","3621","2300"
"2069","227","679","161","486","1470"
"207","2548","792","1081","3621","2300"
"2070","2548","792","1081","3621","2300"
"2071","2548","792","1081","3621","2300"
"2072","289","279","1246","3489","704"
"2075","1670","1904","1180","961","2044"
"2076","1428","3827","5636","340","3754"
"2077","2548","792","1081","3621","2300"
"2078","932","2850","9716","617","615"
"2079","2548","792","1081","3621","2300"
"208","89","599","5678","295","173"
"2080","72","1704","91","748","3109"
"2081","1339","2026","3430","2470","875"
"2083","1673","3200","2667","198","203"
"2084","7650","986","207","470","1689"
"2086","1428","3827","5636","340","3754"
"2087","2548","792","1081","3621","2300"
"2088","157","207","326","228","288"
"209","786","289","72","686","2543"
"2090","2548","792","1081","3621","2300"
"2091","2548","792","1081","3621","2300"
"2092","7650","986","207","470","1689"
"2093","2548","792","1081","3621","2300"
"2094","223","344","2453","1377","2454"
"2095","2548","792","1081","3621","2300"
"2096","2775","57","190","1858","439"
"2097","2548","792","1081","3621","2300"
"2099","2548","792","1081","3621","2300"
"21","2548","792","1081","3621","2300"
"210","72","1704","91","748","3109"
"2100","2548","792","1081","3621","2300"
"211","72","1704","91","748","3109"
"212","89","599","5678","295","173"
"213","932","2850","9716","617","615"
"214","681","304","2044","157","727"
"215","154","436","199","4079","226"
"216","4828","1854","289","599","1057"
"217","2548","792","1081","3621","2300"
"218","2548","792","1081","3621","2300"
"219","227","679","161","486","1470"
"22","487","1066","1863","1672","898"
"220","6724","1414","436","423","71"
"223","3198","289","811","155","5310"
"224","2548","792","1081","3621","2300"
"225","2548","792","1081","3621","2300"
"226","3393","3739","1300","423","367"
"227","289","1904","2102","229","2548"
"228","6724","1414","436","423","71"
"229","344","499","349","2959","288"
"23","1428","3827","5636","340","3754"
"230","289","1400","6600","2102","173"
"231","1489","6448","1114","1689","89"
"232","462","542","1556","2984","295"
"233","701","292","89","289","344"
"234","1339","2026","3430","2470","875"
"235","2548","792","1081","3621","2300"
"236","462","542","1556","2984","295"
"237","1428","3827","5636","340","3754"
"238","2548","792","1081","3621","2300"
"24","499","173","67","3570","172"
"240","1489","6448","1114","1689","89"
"241","458","544","227","4208","196"
"242","2548","792","1081","3621","2300"
"243","2018","178","961","1098","2531"
"244","4828","1854","289","599","1057"
"247","2548","792","1081","3621","2300"
"248","1489","6448","1114","1689","89"
"249","2548","792","1081","3621","2300"
"25","681","304","2044","157","727"
"250","2548","792","1081","3621","2300"
"251","2548","792","1081","3621","2300"
"252","3393","3739","1300","423","367"
"253","499","173","67","3570","172"
"254","2548","792","1081","3621","2300"
"255","2548","792","1081","3621","2300"
"256","289","1904","2102","229","2548"
"257","1673","3200","2667","198","203"
"258","289","461","314","455","288"
"259","2548","792","1081","3621","2300"
"26","5630","1853","1047","917","412"
"260","681","304","2044","157","727"
"261","2548","792","1081","3621","2300"
"262","2548","792","1081","3621","2300"
"263","1306","909","63","1505","1116"
"264","1306","909","63","1505","1116"
"265","2548","792","1081","3621","2300"
"266","2548","792","1081","3621","2300"
"267","2548","792","1081","3621","2300"
"268","2548","792","1081","3621","2300"
"269","486","72","184","1186","58"
"27","2548","792","1081","3621","2300"
"270","1400","681","908","4704","546"
"271","289","1904","2102","229","2548"
"273","2548","792","1081","3621","2300"
"274","72","1704","91","748","3109"
"275","486","72","184","1186","58"
"277","2775","57","190","1858","439"
"278","4828","1854","289","599","1057"
"279","2548","792","1081","3621","2300"
"28","2562","193","2469","51","994"
"280","1489","6448","1114","1689","89"
"281","2343","917","922","1808","1337"
"282","1412","1110","163","730","868"
"283","2548","792","1081","3621","2300"
"284","2580","1994","2794","2150","512"
"285","2548","792","1081","3621","2300"
"286","1489","6448","1114","1689","89"
"288","2548","792","1081","3621","2300"
"289","7650","986","207","470","1689"
"29","304","157","55","704","470"
"290","67","51","1079","77","3739"
"291","223","344","2453","1377","2454"
"292","56","2136","2342","2300","163"
"293","1489","6448","1114","1689","89"
"294","2548","792","1081","3621","2300"
"295","5630","1853","1047","917","412"
"296","2548","792","1081","3621","2300"
"297","1339","2026","3430","2470","875"
"298","458","544","227","4208","196"
"299","2548","792","1081","3621","2300"
"3","2548","792","1081","3621","2300"
"30","2548","792","1081","3621","2300"
"300","2548","792","1081","3621","2300"
"301","2548","792","1081","3621","2300"
"302","3393","3739","1300","423","367"
"303","2548","792","1081","3621","2300"
"304","486","72","184","1186","58"
"305","1489","6448","1114","1689","89"
"306","1428","3827","5636","340","3754"
"307","2548","792","1081","3621","2300"
"308","198","2835","1672","835","923"
"31","72","1704","91","748","3109"
"310","1670","1904","1180","961","2044"
"311","2548","792","1081","3621","2300"
"312","2548","792","1081","3621","2300"
"313","5630","1853","1047","917","412"
"314","2548","792","1081","3621","2300"
"315","2775","57","190","1858","439"
"316","2548","792","1081","3621","2300"
"317","458","544","227","4208","196"
"318","1098","1459","288","161","1034"
"319","2548","792","1081","3621","2300"
"32","2775","57","190","1858","439"
"320","1339","2026","3430","2470","875"
"321","89","599","5678","295","173"
"322","1098","1459","288","161","1034"
"324","5630","1853","1047","917","412"
"325","2548","792","1081","3621","2300"
"326","4828","1854","289","599","1057"
"327","289","1400","6600","2102","173"
"328","2548","792","1081","3621","2300"
"329","499","173","67","3570","172"
"33","6150","3502","2446","3413","2478"
"330","3393","3739","1300","423","367"
"331","1670","1904","1180","961","2044"
"332","681","304","2044","157","727"
"333","786","289","72","686","2543"
"334","7650","986","207","470","1689"
"335","3393","3739","1300","423","367"
"336","1339","2026","3430","2470","875"
"337","2548","792","1081","3621","2300"
"338","681","304","2044","157","727"
"339","289","1904","2102","229","2548"
"34","1339","2026","3430","2470","875"
"340","2548","792","1081","3621","2300"
"341","2548","792","1081","3621","2300"
"342","4828","1854","289","599","1057"
"343","1428","3827","5636","340","3754"
"344","423","1151","156","436","961"
"345","455","230","706","72","173"
"346","7650","986","207","470","1689"
"347","2548","792","1081","3621","2300"
"348","304","157","55","704","470"
"349","2548","792","1081","3621","2300"
"35","289","7340","67","89","3317"
"350","499","173","67","3570","172"
"351","1489","6448","1114","1689","89"
"352","1489","6448","1114","1689","89"
"353","913","295","289","484","377"
"354","913","295","289","484","377"
"355","2548","792","1081","3621","2300"
"356","195","470","2242","683","2214"
"357","735","192","228","63","82"
"358","2548","792","1081","3621","2300"
"359","1306","909","63","1505","1116"
"36","4225","708","758","1858","2637"
"360","2548","792","1081","3621","2300"
"361","289","1400","6600","2102","173"
"362","4225","708","758","1858","2637"
"363","4225","708","758","1858","2637"
"364","6150","3502","2446","3413","2478"
"365","2548","792","1081","3621","2300"
"366","6150","3502","2446","3413","2478"
"367","4225","708","758","1858","2637"
"368","2548","792","1081","3621","2300"
"369","1339","2026","3430","2470","875"
"37","2548","792","1081","3621","2300"
"370","1339","2026","3430","2470","875"
"371","72","1704","91","748","3109"
"372","4828","1854","289","599","1057"
"374","2548","792","1081","3621","2300"
"375","786","289","72","686","2543"
"376","5630","1853","1047","917","412"
"377","917","188","942","1104","2963"
"378","681","304","2044","157","727"
"38","325","1034","499","220","511"
"380","462","542","1556","2984","295"
"382","2548","792","1081","3621","2300"
"383","2775","57","190","1858","439"
"385","504","906","498","1045","458"
"386","2548","792","1081","3621","2300"
"387","279","5048","6374","2521","227"
"388","378","455","680","9187","1705"
"39","2548","792","1081","3621","2300"
"390","289","1904","2102","229","2548"
"391","2548","792","1081","3621","2300"
"392","786","289","72","686","2543"
"393","458","544","227","4208","196"
"394","2548","792","1081","3621","2300"
"395","2548","792","1081","3621","2300"
"396","72","1704","91","748","3109"
"397","486","72","184","1186","58"
"398","1673","3200","2667","198","203"
"399","289","1400","6600","2102","173"
"4","72","1704","91","748","3109"
"40","2548","792","1081","3621","2300"
"400","786","289","72","686","2543"
"401","1670","1904","1180","961","2044"
"402","1412","1110","163","730","868"
"403","1489","6448","1114","1689","89"
"404","1489","6448","1114","1689","89"
"405","462","542","1556","2984","295"
"406","458","544","227","4208","196"
"407","1401","3673","53","432","72"
"408","2548","792","1081","3621","2300"
"409","89","599","5678","295","173"
"41","5630","1853","1047","917","412"
"410","1489","6448","1114","1689","89"
"411","2548","792","1081","3621","2300"
"412","786","289","72","686","2543"
"413","499","173","67","3570","172"
"414","289","1904","2102","229","2548"
"415","289","1904","2102","229","2548"
"416","2548","792","1081","3621","2300"
"417","2548","792","1081","3621","2300"
"418","1339","2026","3430","2470","875"
"419","308","644","4814","1042","295"
"42","2775","57","190","1858","439"
"420","2548","792","1081","3621","2300"
"421","289","1400","6600","2102","173"
"423","1428","3827","5636","340","3754"
"424","2548","792","1081","3621","2300"
"425","223","344","2453","1377","2454"
"426","6150","3502","2446","3413","2478"
"427","1339","2026","3430","2470","875"
"428","51","511","72","67","2562"
"43","6150","3502","2446","3413","2478"
"430","1306","909","63","1505","1116"
"431","903","5217","498","533","227"
"432","2548","792","1081","3621","2300"
"433","2548","792","1081","3621","2300"
"434","233","53","3364","6824","219"
"435","195","470","2242","683","2214"
"436","735","192","228","63","82"
"437","1670","1904","1180","961","2044"
"438","10","1299","19","13","1303"
"439","1339","2026","3430","2470","875"
"44","2548","792","1081","3621","2300"
"440","1339","2026","3430","2470","875"
"441","1673","3200","2667","198","203"
"442","1306","909","63","1505","1116"
"443","56","2136","2342","2300","163"
"444","2548","792","1081","3621","2300"
"446","72","167","1014","511","1072"
"447","2548","792","1081","3621","2300"
"449","1428","3827","5636","340","3754"
"45","1489","6448","1114","1689","89"
"450","1412","1110","163","730","868"
"451","504","906","498","1045","458"
"452","1673","3200","2667","198","203"
"453","1428","3827","5636","340","3754"
"454","2548","792","1081","3621","2300"
"455","233","1119","1983","107","32"
"456","4828","1854","289","599","1057"
"457","2548","792","1081","3621","2300"
"458","1673","3200","2667","198","203"
"459","198","2835","1672","835","923"
"46","1098","1459","288","161","1034"
"460","2548","792","1081","3621","2300"
"461","1673","3200","2667","198","203"
"462","1339","2026","3430","2470","875"
"463","1428","3827","5636","340","3754"
"464","1339","2026","3430","2470","875"
"465","1339","2026","3430","2470","875"
"466","1670","1904","1180","961","2044"
"467","2548","792","1081","3621","2300"
"468","1339","2026","3430","2470","875"
"469","2548","792","1081","3621","2300"
"47","3198","289","811","155","5310"
"470","289","1904","2102","229","2548"
"471","2548","792","1081","3621","2300"
"472","1489","6448","1114","1689","89"
"473","2548","792","1081","3621","2300"
"474","72","1704","91","748","3109"
"475","2548","792","1081","3621","2300"
"476","2775","57","190","1858","439"
"477","2548","792","1081","3621","2300"
"478","4225","708","758","1858","2637"
"479","681","304","2044","157","727"
"48","67","180","340","1464","889"
"480","2548","792","1081","3621","2300"
"481","1489","6448","1114","1689","89"
"482","1428","3827","5636","340","3754"
"484","2548","792","1081","3621","2300"
"485","1428","3827","5636","340","3754"
"486","701","292","89","289","344"
"487","2548","792","1081","3621","2300"
"488","1428","3827","5636","340","3754"
"489","1412","1110","163","730","868"
"49","1670","1904","1180","961","2044"
"490","2548","792","1081","3621","2300"
"491","5630","1853","1047","917","412"
"492","2548","792","1081","3621","2300"
"493","486","72","184","1186","58"
"494","289","1400","6600","2102","173"
"495","786","289","72","686","2543"
"496","2548","792","1081","3621","2300"
"497","786","289","72","686","2543"
"498","462","542","1556","2984","295"
"499","72","1034","1412","854","157"
"5","1428","3827","5636","340","3754"
"50","7650","986","207","470","1689"
"500","2548","792","1081","3621","2300"
"501","4828","1854","289","599","1057"
"502","3393","3739","1300","423","367"
"503","4828","1854","289","599","1057"
"504","4828","1854","289","599","1057"
"506","2548","792","1081","3621","2300"
"507","2548","792","1081","3621","2300"
"509","1905","966","2352","488","808"
"51","5630","1853","1047","917","412"
"510","67","180","340","1464","889"
"511","154","436","199","4079","226"
"512","487","1066","1863","1672","898"
"513","2548","792","1081","3621","2300"
"514","3198","289","811","155","5310"
"515","2548","792","1081","3621","2300"
"516","1246","1673","51","1244","488"
"517","2548","792","1081","3621","2300"
"518","1489","6448","1114","1689","89"
"519","5630","1853","1047","917","412"
"52","2548","792","1081","3621","2300"
"520","72","1704","91","748","3109"
"521","4225","708","758","1858","2637"
"523","1426","2600","2601","227","898"
"525","4225","708","758","1858","2637"
"526","816","220","1412","1672","412"
"527","1489","6448","1114","1689","89"
"529","2548","792","1081","3621","2300"
"53","1489","6448","1114","1689","89"
"530","1673","3200","2667","198","203"
"531","3198","289","811","155","5310"
"532","1428","3827","5636","340","3754"
"533","2548","792","1081","3621","2300"
"534","72","1704","91","748","3109"
"535","2548","792","1081","3621","2300"
"536","786","289","72","686","2543"
"537","4828","1854","289","599","1057"
"538","289","1400","6600","2102","173"
"539","486","72","184","1186","58"
"54","786","289","72","686","2543"
"540","735","192","228","63","82"
"541","1412","1110","163","730","868"
"542","289","1400","6600","2102","173"
"543","2775","57","190","1858","439"
"544","2548","792","1081","3621","2300"
"545","4225","708","758","1858","2637"
"546","917","188","942","1104","2963"
"547","1428","3827","5636","340","3754"
"548","2548","792","1081","3621","2300"
"549","56","2136","2342","2300","163"
"55","1339","2026","3430","2470","875"
"550","2548","792","1081","3621","2300"
"551","325","1034","499","220","511"
"553","681","304","2044","157","727"
"555","1670","1904","1180","961","2044"
"556","418","454","191","65","1375"
"557","2548","792","1081","3621","2300"
"558","2548","792","1081","3621","2300"
"559","89","599","5678","295","173"
"56","1339","2026","3430","2470","875"
"560","2548","792","1081","3621","2300"
"561","2548","792","1081","3621","2300"
"562","2548","792","1081","3621","2300"
"563","1339","2026","3430","2470","875"
"565","2548","792","1081","3621","2300"
"566","1428","3827","5636","340","3754"
"567","1627","3700","1510","173","441"
"568","1670","1904","1180","961","2044"
"569","1670","1904","1180","961","2044"
"57","1670","1904","1180","961","2044"
"570","1339","2026","3430","2470","875"
"571","499","173","67","3570","172"
"572","499","173","67","3570","172"
"573","2548","792","1081","3621","2300"
"574","2548","792","1081","3621","2300"
"575","72","1704","91","748","3109"
"576","2548","792","1081","3621","2300"
"577","486","72","184","1186","58"
"578","2548","792","1081","3621","2300"
"579","2548","792","1081","3621","2300"
"58","461","289","681","89","300"
"580","2548","792","1081","3621","2300"
"581","3501","265","86","67","3940"
"582","195","470","2242","683","2214"
"583","4225","708","758","1858","2637"
"584","5267","1244","1459","344","465"
"585","7650","986","207","470","1689"
"586","89","599","5678","295","173"
"587","487","1066","1863","1672","898"
"589","304","157","55","704","470"
"59","1246","1673","51","1244","488"
"590","1489","6448","1114","1689","89"
"592","1246","1673","51","1244","488"
"593","681","304","2044","157","727"
"594","1672","1863","707","511","768"
"595","917","188","942","1104","2963"
"596","735","192","228","63","82"
"598","289","1400","6600","2102","173"
"6","701","292","89","289","344"
"60","2548","792","1081","3621","2300"
"601","2548","792","1081","3621","2300"
"602","2548","792","1081","3621","2300"
"603","4828","1854","289","599","1057"
"604","67","157","289","292","285"
"605","932","2850","9716","617","615"
"606","6150","3502","2446","3413","2478"
"607","2548","792","1081","3621","2300"
"608","2548","792","1081","3621","2300"
"609","289","1400","6600","2102","173"
"61","2548","792","1081","3621","2300"
"611","1062","4308","443","997","4704"
"612","1670","1904","1180","961","2044"
"613","228","718","2786","5790","1718"
"614","487","1066","1863","1672","898"
"616","5630","1853","1047","917","412"
"617","2548","792","1081","3621","2300"
"618","2548","792","1081","3621","2300"
"619","7650","986","207","470","1689"
"62","72","1704","91","748","3109"
"620","2548","792","1081","3621","2300"
"621","504","906","498","1045","458"
"622","1339","2026","3430","2470","875"
"623","56","2136","2342","2300","163"
"624","2548","792","1081","3621","2300"
"625","2548","792","1081","3621","2300"
"627","5630","1853","1047","917","412"
"628","2548","792","1081","3621","2300"
"629","458","544","227","4208","196"
"63","89","599","5678","295","173"
"631","7650","986","207","470","1689"
"632","289","1904","2102","229","2548"
"633","2548","792","1081","3621","2300"
"634","4828","1854","289","599","1057"
"635","2548","792","1081","3621","2300"
"636","2548","792","1081","3621","2300"
"637","89","599","5678","295","173"
"638","289","1400","6600","2102","173"
"639","2548","792","1081","3621","2300"
"64","2548","792","1081","3621","2300"
"640","1412","1110","163","730","868"
"641","4225","708","758","1858","2637"
"642","2548","792","1081","3621","2300"
"643","2548","792","1081","3621","2300"
"644","6150","3502","2446","3413","2478"
"645","1428","3827","5636","340","3754"
"646","1670","1904","1180","961","2044"
"647","6150","3502","2446","3413","2478"
"649","89","599","5678","295","173"
"65","2548","792","1081","3621","2300"
"650","72","1704","91","748","3109"
"651","499","173","67","3570","172"
"652","2548","792","1081","3621","2300"
"654","89","599","5678","295","173"
"655","525","331","966","229","475"
"656","1673","3200","2667","198","203"
"657","2548","792","1081","3621","2300"
"658","1428","3827","5636","340","3754"
"659","499","173","67","3570","172"
"66","1306","909","63","1505","1116"
"660","2548","792","1081","3621","2300"
"661","2548","792","1081","3621","2300"
"662","223","344","2453","1377","2454"
"663","2548","792","1081","3621","2300"
"664","6150","3502","2446","3413","2478"
"665","72","1704","91","748","3109"
"666","2548","792","1081","3621","2300"
"667","1489","6448","1114","1689","89"
"668","4225","708","758","1858","2637"
"669","3393","3739","1300","423","367"
"670","2775","57","190","1858","439"
"671","2548","792","1081","3621","2300"
"672","1428","3827","5636","340","3754"
"673","2548","792","1081","3621","2300"
"674","1489","6448","1114","1689","89"
"675","499","173","67","3570","172"
"676","89","599","5678","295","173"
"677","2548","792","1081","3621","2300"
"678","89","599","5678","295","173"
"679","2548","792","1081","3621","2300"
"68","2548","792","1081","3621","2300"
"680","3198","289","811","155","5310"
"681","2548","792","1081","3621","2300"
"682","2548","792","1081","3621","2300"
"683","1306","909","63","1505","1116"
"684","289","1904","2102","229","2548"
"685","5630","1853","1047","917","412"
"686","72","1704","91","748","3109"
"687","599","735","875","1534","3431"
"688","2775","57","190","1858","439"
"689","786","289","72","686","2543"
"69","2548","792","1081","3621","2300"
"690","499","173","67","3570","172"
"691","3393","3739","1300","423","367"
"692","458","544","227","4208","196"
"693","2548","792","1081","3621","2300"
"694","2548","792","1081","3621","2300"
"695","6724","1414","436","423","71"
"696","2548","792","1081","3621","2300"
"697","1339","2026","3430","2470","875"
"698","681","304","2044","157","727"
"699","1306","909","63","1505","1116"
"7","462","542","1556","2984","295"
"70","1339","2026","3430","2470","875"
"700","289","1400","6600","2102","173"
"701","1489","6448","1114","1689","89"
"702","462","542","1556","2984","295"
"703","701","292","89","289","344"
"704","4828","1854","289","599","1057"
"705","3393","3739","1300","423","367"
"706","7","234","1143","186","2374"
"707","1489","6448","1114","1689","89"
"708","1202","2473","1119","3694","917"
"709","2548","792","1081","3621","2300"
"71","2548","792","1081","3621","2300"
"710","1673","3200","2667","198","203"
"711","89","599","5678","295","173"
"712","716","221","204","212","309"
"713","289","1400","6600","2102","173"
"714","2548","792","1081","3621","2300"
"715","5630","1853","1047","917","412"
"716","195","470","2242","683","2214"
"717","289","1904","2102","229","2548"
"718","2548","792","1081","3621","2300"
"719","56","2136","2342","2300","163"
"72","67","792","292","295","265"
"720","89","599","5678","295","173"
"721","2548","792","1081","3621","2300"
"722","289","1400","6600","2102","173"
"723","701","292","89","289","344"
"725","1673","3200","2667","198","203"
"726","375","3501","2097","374","3490"
"727","2548","792","1081","3621","2300"
"728","1339","2026","3430","2470","875"
"729","4828","1854","289","599","1057"
"73","1306","909","63","1505","1116"
"730","458","544","227","4208","196"
"731","89","599","5678","295","173"
"732","499","173","67","3570","172"
"733","4828","1854","289","599","1057"
"734","4230","198","418","2627","217"
"735","1670","1904","1180","961","2044"
"736","458","544","227","4208","196"
"737","2548","792","1081","3621","2300"
"738","5630","1853","1047","917","412"
"739","2548","792","1081","3621","2300"
"74","681","304","2044","157","727"
"741","4225","708","758","1858","2637"
"742","4828","1854","289","599","1057"
"743","1339","2026","3430","2470","875"
"744","1670","1904","1180","961","2044"
"746","487","1066","1863","1672","898"
"747","2548","792","1081","3621","2300"
"749","289","1904","2102","229","2548"
"75","3393","3739","1300","423","367"
"750","2548","792","1081","3621","2300"
"751","1428","3827","5636","340","3754"
"752","2548","792","1081","3621","2300"
"753","2548","792","1081","3621","2300"
"754","2548","792","1081","3621","2300"
"756","1976","154","173","51","227"
"757","1098","1459","288","161","1034"
"758","458","544","227","4208","196"
"759","2548","792","1081","3621","2300"
"76","2548","792","1081","3621","2300"
"760","932","2850","9716","617","615"
"761","1306","909","63","1505","1116"
"762","1428","3827","5636","340","3754"
"763","2548","792","1081","3621","2300"
"764","1339","2026","3430","2470","875"
"765","6150","3502","2446","3413","2478"
"767","72","1704","91","748","3109"
"768","344","333","523","498","1455"
"769","7650","986","207","470","1689"
"77","7650","986","207","470","1689"
"770","2548","792","1081","3621","2300"
"771","6724","1414","436","423","71"
"772","2343","917","922","1808","1337"
"773","932","2850","9716","617","615"
"776","1428","3827","5636","340","3754"
"777","2548","792","1081","3621","2300"
"778","289","279","1246","3489","704"
"779","72","1704","91","748","3109"
"78","2548","792","1081","3621","2300"
"780","2548","792","1081","3621","2300"
"781","1489","6448","1114","1689","89"
"782","2548","792","1081","3621","2300"
"784","1627","3700","1510","173","441"
"785","1428","3827","5636","340","3754"
"786","2548","792","1081","3621","2300"
"787","1428","3827","5636","340","3754"
"788","1428","3827","5636","340","3754"
"789","1339","2026","3430","2470","875"
"79","681","304","2044","157","727"
"790","2548","792","1081","3621","2300"
"791","1976","154","173","51","227"
"792","4225","708","758","1858","2637"
"793","499","173","67","3570","172"
"794","6724","1414","436","423","71"
"795","289","1904","2102","229","2548"
"797","1670","1904","1180","961","2044"
"798","2548","792","1081","3621","2300"
"799","1428","3827","5636","340","3754"
"8","2548","792","1081","3621","2300"
"80","816","823","805","818","813"
"800","5630","1853","1047","917","412"
"801","701","292","89","289","344"
"802","2043","53","1534","441","631"
"804","289","1400","6600","2102","173"
"805","1428","3827","5636","340","3754"
"806","1339","2026","3430","2470","875"
"807","2548","792","1081","3621","2300"
"808","499","173","67","3570","172"
"809","701","292","89","289","344"
"81","2548","792","1081","3621","2300"
"810","2548","792","1081","3621","2300"
"812","2548","792","1081","3621","2300"
"813","2548","792","1081","3621","2300"
"814","4225","708","758","1858","2637"
"815","1098","1459","288","161","1034"
"816","89","288","306","466","545"
"817","2548","792","1081","3621","2300"
"818","2775","57","190","1858","439"
"819","289","1400","6600","2102","173"
"82","2548","792","1081","3621","2300"
"821","6724","1414","436","423","71"
"822","932","2850","9716","617","615"
"823","1339","2026","3430","2470","875"
"824","1976","154","173","51","227"
"825","1428","3827","5636","340","3754"
"826","325","1034","499","220","511"
"827","89","599","5678","295","173"
"828","89","599","5678","295","173"
"829","2548","792","1081","3621","2300"
"83","2548","792","1081","3621","2300"
"830","1489","6448","1114","1689","89"
"831","735","192","228","63","82"
"832","1673","3200","2667","198","203"
"834","2548","792","1081","3621","2300"
"835","89","599","5678","295","173"
"836","701","292","89","289","344"
"837","2548","792","1081","3621","2300"
"838","6150","3502","2446","3413","2478"
"839","487","1066","1863","1672","898"
"84","2548","792","1081","3621","2300"
"840","932","2850","9716","617","615"
"841","4828","1854","289","599","1057"
"842","2548","792","1081","3621","2300"
"843","2548","792","1081","3621","2300"
"844","2548","792","1081","3621","2300"
"845","812","707","6282","503","227"
"846","932","2850","9716","617","615"
"847","1670","1904","1180","961","2044"
"848","2548","792","1081","3621","2300"
"849","1339","2026","3430","2470","875"
"85","2548","792","1081","3621","2300"
"850","735","192","228","63","82"
"851","289","279","1246","3489","704"
"852","2548","792","1081","3621","2300"
"853","2548","792","1081","3621","2300"
"854","2548","792","1081","3621","2300"
"855","7650","986","207","470","1689"
"856","2548","792","1081","3621","2300"
"858","681","304","2044","157","727"
"859","72","1704","91","748","3109"
"86","2548","792","1081","3621","2300"
"860","2548","792","1081","3621","2300"
"861","3393","3739","1300","423","367"
"862","2548","792","1081","3621","2300"
"863","4828","1854","289","599","1057"
"864","4828","1854","289","599","1057"
"865","1673","3200","2667","198","203"
"868","4828","1854","289","599","1057"
"869","2548","792","1081","3621","2300"
"87","304","157","55","704","470"
"870","89","599","5678","295","173"
"871","5630","1853","1047","917","412"
"873","289","1904","2102","229","2548"
"874","1339","2026","3430","2470","875"
"875","1489","6448","1114","1689","89"
"876","2548","792","1081","3621","2300"
"877","2548","792","1081","3621","2300"
"878","786","289","72","686","2543"
"88","1947","2398","859","159","204"
"881","2548","792","1081","3621","2300"
"882","1489","6448","1114","1689","89"
"884","2548","792","1081","3621","2300"
"885","289","1400","6600","2102","173"
"886","4828","1854","289","599","1057"
"887","2548","792","1081","3621","2300"
"888","2548","792","1081","3621","2300"
"889","2548","792","1081","3621","2300"
"89","4225","708","758","1858","2637"
"890","89","599","5678","295","173"
"891","2548","792","1081","3621","2300"
"893","72","1704","91","748","3109"
"895","2548","792","1081","3621","2300"
"896","1339","2026","3430","2470","875"
"897","1673","3200","2667","198","203"
"898","499","173","67","3570","172"
"899","4225","708","758","1858","2637"
"9","2548","792","1081","3621","2300"
"90","1428","3827","5636","340","3754"
"900","2548","792","1081","3621","2300"
"903","487","1066","1863","1672","898"
"904","2775","57","190","1858","439"
"905","1489","6448","1114","1689","89"
"906","4225","708","758","1858","2637"
"907","458","544","227","4208","196"
"908","2548","792","1081","3621","2300"
"909","1246","1673","51","1244","488"
"91","1339","2026","3430","2470","875"
"910","462","542","1556","2984","295"
"911","289","1400","6600","2102","173"
"912","198","2835","1672","835","923"
"913","2775","57","190","1858","439"
"914","2548","792","1081","3621","2300"
"915","2548","792","1081","3621","2300"
"916","289","1400","6600","2102","173"
"917","3333","1504","499","3739","424"
"919","6150","3502","2446","3413","2478"
"92","2498","1358","306","2500","89"
"920","2548","792","1081","3621","2300"
"921","932","2850","9716","617","615"
"922","1673","3200","2667","198","203"
"924","2548","792","1081","3621","2300"
"925","735","192","228","63","82"
"926","2548","792","1081","3621","2300"
"927","2548","792","1081","3621","2300"
"928","2548","792","1081","3621","2300"
"929","2548","792","1081","3621","2300"
"930","504","906","498","1045","458"
"931","2548","792","1081","3621","2300"
"932","1306","909","63","1505","1116"
"933","1339","2026","3430","2470","875"
"934","1428","3827","5636","340","3754"
"935","2548","792","1081","3621","2300"
"936","2548","792","1081","3621","2300"
"938","378","455","680","9187","1705"
"939","487","1066","1863","1672","898"
"94","1673","3200","2667","198","203"
"940","1339","2026","3430","2470","875"
"941","223","344","2453","1377","2454"
"942","89","229","323","1048","55"
"943","455","230","706","72","173"
"946","4225","708","758","1858","2637"
"948","2548","792","1081","3621","2300"
"949","2548","792","1081","3621","2300"
"95","786","289","72","686","2543"
"950","2548","792","1081","3621","2300"
"951","2548","792","1081","3621","2300"
"952","1670","1904","1180","961","2044"
"953","1670","1904","1180","961","2044"
"954","2548","792","1081","3621","2300"
"955","1339","2026","3430","2470","875"
"957","1339","2026","3430","2470","875"
"958","1489","6448","1114","1689","89"
"959","2548","792","1081","3621","2300"
"96","67","180","340","1464","889"
"960","4828","1854","289","599","1057"
"961","1428","3827","5636","340","3754"
"962","2548","792","1081","3621","2300"
"963","1670","1904","1180","961","2044"
"964","4828","1854","289","599","1057"
"965","289","1400","6600","2102","173"
"966","289","1400","6600","2102","173"
"967","2548","792","1081","3621","2300"
"968","2548","792","1081","3621","2300"
"969","2548","792","1081","3621","2300"
"97","2548","792","1081","3621","2300"
"971","1489","6448","1114","1689","89"
"972","2548","792","1081","3621","2300"
"975","4225","708","758","1858","2637"
"976","1489","6448","1114","1689","89"
"977","6724","1414","436","423","71"
"978","2548","792","1081","3621","2300"
"979","2548","792","1081","3621","2300"
"98","786","289","72","686","2543"
"980","2548","792","1081","3621","2300"
"981","2548","792","1081","3621","2300"
"982","2548","792","1081","3621","2300"
"984","1098","1459","288","161","1034"
"985","67","157","289","292","285"
"986","487","1066","1863","1672","898"
"987","3393","3739","1300","423","367"
"989","2548","792","1081","3621","2300"
"99","72","1704","91","748","3109"
"990","6150","3502","2446","3413","2478"
"991","56","2136","2342","2300","163"
"993","2548","792","1081","3621","2300"
"994","6150","3502","2446","3413","2478"
"995","89","300","466","288","686"
"996","2548","792","1081","3621","2300"
"997","1339","2026","3430","2470","875"
"998","1670","1904","1180","961","2044"
"999","1428","3827","5636","340","3754"
